{"episodes": [0, 1, 2, 3, 4, 5, 6, 7, 8, 9, 10, 11, 12, 13, 14, 15, 16, 17, 18, 19, 20, 21, 22, 23, 24, 25, 26, 27, 28, 29, 30, 31, 32, 33, 34, 35, 36, 37, 38, 39, 40, 41, 42, 43, 44, 45, 46, 47, 48, 49, 50, 51, 52, 53, 54, 55, 56, 57, 58, 59, 60, 61, 62, 63, 64, 65, 66, 67, 68, 69, 70, 71, 72, 73, 74, 75, 76, 77, 78, 79, 80, 81, 82, 83, 84, 85, 86, 87, 88, 89, 90], "scores": [0, 20, 20, 0, 0, 10, 11, 0, 7, 13, 0, 5, 3, 14, 0, 14, 0, 3, 14, 0, 19, 7, 0, 0, 0, 6, 0, 0, 3, 18, 17, 4, 3, 7, 4, 16, 0, 0, 13, 16, 4, 0, 0, 0, 13, 0, 10, 0, 0, 1, 19, 4, 1, 2, 6, 17, 3, 4, 5, 13, 0, 5, 0, 2, 16, 21, 15, 4, 7, 3, 0, 5, 0, 9, 4, 0, 8, 4, 26, 0, 13, 22, 6, 6, 3, 0, 9, 0, 0, 13, 14], "avg_scores": [0, 1.0, 1.95, 1.8524999999999998, 1.7598749999999996, 2.1718812499999993, 2.613287187499999, 2.4826228281249993, 2.7084916867187494, 3.223067102382812, 3.061913747263671, 3.1588180599004874, 3.1508771569054628, 3.6933332990601895, 3.50866663410718, 4.033233302401821, 3.83157163728173, 3.7899930554176433, 4.300493402646761, 4.085468732514422, 4.8311952958887, 4.939635531094265, 4.692653754539551, 4.458021066812573, 4.235120013471944, 4.323364012798346, 4.107195812158428, 3.901836021550507, 3.8567442204729816, 4.563907009449332, 5.1857116589768655, 5.1264260760280225, 5.020104772226621, 5.119099533615289, 5.063144556934525, 5.609987329087798, 5.329487962633408, 5.063013564501738, 5.4598628862766505, 5.986869741962818, 5.887526254864677, 5.5931499421214435, 5.313492445015371, 5.0478178227646024, 5.445426931626373, 5.173155585045054, 5.4144978057928, 5.14377291550316, 4.886584269728002, 4.692255056241601, 5.407642303429521, 5.337260188258044, 5.120397178845142, 4.9643773199028844, 5.01615845390774, 5.615350531212352, 5.484583004651734, 5.410353854419147, 5.389836161698189, 5.77034435361328, 5.481827135932615, 5.457735779135985, 5.184848990179185, 5.025606540670226, 5.574326213636714, 6.345609902954878, 6.778329407807133, 6.639412937416776, 6.657442290545937, 6.4745701760186405, 6.150841667217708, 6.0932995838568225, 5.788634604663981, 5.949202874430782, 5.851742730709242, 5.55915559417378, 5.681197814465091, 5.597137923741836, 6.617281027554744, 6.286416976177006, 6.622096127368156, 7.390991320999747, 7.32144175494976, 7.255369667202271, 7.042601183842158, 6.69047112465005, 6.8059475684175474, 6.46565018999667, 6.142367680496836, 6.485249296471994, 6.860986831648394], "policy_losses": [0.0, 0.0, 0.0, 0.0, 0.0, 0.0, 0.0, 0.0, 0.0, 0.0, 0.0, 0.0, 0.0, 0.0, 0.0, 0.0, 0.0, 0.0, 0.0, 0.0, 0.0, 0.0, 0.0, 0.0, 0.0, 0.0, 0.0, 0.0, 0.0, 0.0, 0.0, -0.009498762898147106, 0.0, 0.0, 0.0, 0.0, 0.0, 0.0, 0.0, 0.0, 0.0, 0.0, 0.0, 0.0, 0.0, 0.0, 0.0, 0.0, 0.0, 0.0, 0.0, 0.0, 0.0, 0.0, 0.0, 0.0, 0.0, 0.0, 0.0, 0.0, 0.0, 0.0, 0.0, -0.009109105914831161, 0.0, 0.0, 0.0, 0.0, 0.0, 0.0, 0.0, 0.0, 0.0, 0.0, 0.0, 0.0, 0.0, 0.0, 0.0, 0.0, 0.0, 0.0, 0.0, 0.0, 0.0, 0.0, 0.0, 0.0, 0.0, 0.0, 0.0], "value_losses": [0.0, 0.0, 0.0, 0.0, 0.0, 0.0, 0.0, 0.0, 0.0, 0.0, 0.0, 0.0, 0.0, 0.0, 0.0, 0.0, 0.0, 0.0, 0.0, 0.0, 0.0, 0.0, 0.0, 0.0, 0.0, 0.0, 0.0, 0.0, 0.0, 0.0, 0.0, 0.9940483570098877, 0.0, 0.0, 0.0, 0.0, 0.0, 0.0, 0.0, 0.0, 0.0, 0.0, 0.0, 0.0, 0.0, 0.0, 0.0, 0.0, 0.0, 0.0, 0.0, 0.0, 0.0, 0.0, 0.0, 0.0, 0.0, 0.0, 0.0, 0.0, 0.0, 0.0, 0.0, 0.9897807240486145, 0.0, 0.0, 0.0, 0.0, 0.0, 0.0, 0.0, 0.0, 0.0, 0.0, 0.0, 0.0, 0.0, 0.0, 0.0, 0.0, 0.0, 0.0, 0.0, 0.0, 0.0, 0.0, 0.0, 0.0, 0.0, 0.0, 0.0], "difficulty": ["Beginner (Heuristics)", "Beginner (Heuristics)", "Beginner (Heuristics)", "Beginner (Heuristics)", "Beginner (Heuristics)", "Beginner (Heuristics)", "Beginner (Heuristics)", "Beginner (Heuristics)", "Beginner (Heuristics)", "Beginner (Heuristics)", "Beginner (Heuristics)", "Beginner (Heuristics)", "Beginner (Heuristics)", "Beginner (Heuristics)", "Beginner (Heuristics)", "Beginner (Heuristics)", "Beginner (Heuristics)", "Beginner (Heuristics)", "Beginner (Heuristics)", "Beginner (Heuristics)", "Beginner (Heuristics)", "Beginner (Heuristics)", "Beginner (Heuristics)", "Beginner (Heuristics)", "Beginner (Heuristics)", "Beginner (Heuristics)", "Beginner (Heuristics)", "Beginner (Heuristics)", "Beginner (Heuristics)", "Beginner (Heuristics)", "Beginner (Heuristics)", "Beginner (Heuristics)", "Beginner (Heuristics)", "Beginner (Heuristics)", "Beginner (Heuristics)", "Beginner (Heuristics)", "Beginner (Heuristics)", "Beginner (Heuristics)", "Beginner (Heuristics)", "Beginner (Heuristics)", "Beginner (Heuristics)", "Beginner (Heuristics)", "Beginner (Heuristics)", "Beginner (Heuristics)", "Beginner (Heuristics)", "Beginner (Heuristics)", "Beginner (Heuristics)", "Beginner (Heuristics)", "Beginner (Heuristics)", "Beginner (Heuristics)", "Beginner (Heuristics)", "Beginner (Heuristics)", "Beginner (Heuristics)", "Beginner (Heuristics)", "Beginner (Heuristics)", "Beginner (Heuristics)", "Beginner (Heuristics)", "Beginner (Heuristics)", "Beginner (Heuristics)", "Beginner (Heuristics)", "Beginner (Heuristics)", "Beginner (Heuristics)", "Beginner (Heuristics)", "Beginner (Heuristics)", "Beginner (Heuristics)", "Beginner (Heuristics)", "Beginner (Heuristics)", "Beginner (Heuristics)", "Beginner (Heuristics)", "Beginner (Heuristics)", "Beginner (Heuristics)", "Beginner (Heuristics)", "Beginner (Heuristics)", "Beginner (Heuristics)", "Beginner (Heuristics)", "Beginner (Heuristics)", "Beginner (Heuristics)", "Beginner (Heuristics)", "Beginner (Heuristics)", "Beginner (Heuristics)", "Beginner (Heuristics)", "Beginner (Heuristics)", "Beginner (Heuristics)", "Beginner (Heuristics)", "Beginner (Heuristics)", "Beginner (Heuristics)", "Beginner (Heuristics)", "Beginner (Heuristics)", "Beginner (Heuristics)", "Beginner (Heuristics)", "Beginner (Heuristics)"]}